test_patient,cohort,mode,horizon,model,rmse,mae,zone_a,epochs
559,2018,pooled,15min,RF,16.055770232787136,9.494171961392578,95.79382994732882,
559,2018,pooled,15min,LSTM,16.343809127807617,9.726885795593262,95.56057185854026,37.0
559,2018,pooled,15min,Autoencoder,16.453540802001953,9.843375205993652,95.69601203912717,45.0
559,2018,pooled,15min,TCN,21.31745719909668,12.228889465332031,92.18209179834462,19.0
559,2018,pooled,15min,Transformer,16.34617805480957,9.766037940979004,95.5831452219714,40.0
559,2018,pooled,30min,RF,26.729844920290216,17.67955879506268,82.95711060948081,
559,2018,pooled,30min,LSTM,26.643356323242188,17.50858497619629,83.39352896914974,37.0
559,2018,pooled,30min,Autoencoder,26.6713809967041,17.64504051208496,83.732129420617,45.0
559,2018,pooled,30min,TCN,32.646060943603516,21.73113250732422,74.25884123401053,19.0
559,2018,pooled,30min,Transformer,26.62004280090332,17.38101577758789,84.02558314522197,40.0
559,2018,pooled,45min,RF,35.454649698436334,24.82274066958714,71.7757712565839,
559,2018,pooled,45min,LSTM,35.0088005065918,24.230281829833984,73.76975169300226,37.0
559,2018,pooled,45min,Autoencoder,35.05283737182617,24.500417709350586,73.03987960872837,45.0
559,2018,pooled,45min,TCN,41.68782424926758,29.40768814086914,63.29571106094808,19.0
559,2018,pooled,45min,Transformer,35.05556869506836,24.015092849731445,73.86756960120391,40.0
563,2018,pooled,15min,RF,10.560901674244446,6.90965559006747,97.9964563172959,
563,2018,pooled,15min,LSTM,10.39932918548584,6.724574565887451,98.08504838489846,38.0
563,2018,pooled,15min,Autoencoder,10.40300464630127,6.824325084686279,98.0577892871746,62.0
563,2018,pooled,15min,TCN,11.265145301818848,7.675273895263672,97.27409022761347,31.0
563,2018,pooled,15min,Transformer,10.520477294921875,6.859474182128906,97.90786424969333,75.0
563,2018,pooled,30min,RF,17.883026212565287,12.602256414459738,90.35027940575166,
563,2018,pooled,30min,LSTM,17.372596740722656,12.13692569732666,91.06583072100314,38.0
563,2018,pooled,30min,Autoencoder,17.361156463623047,12.191935539245605,91.17486711189859,62.0
563,2018,pooled,30min,TCN,19.035823822021484,13.93482780456543,87.31770478397165,31.0
563,2018,pooled,30min,Transformer,17.583847045898438,12.267671585083008,91.14760801417474,75.0
563,2018,pooled,45min,RF,24.181721899111906,17.594476122446874,80.35982008995502,
563,2018,pooled,45min,LSTM,23.46432876586914,16.89391326904297,82.29521602834946,38.0
563,2018,pooled,45min,Autoencoder,23.491493225097656,17.053356170654297,81.79773749488892,62.0
563,2018,pooled,45min,TCN,25.471832275390625,19.18967628479004,76.54354640861388,31.0
563,2018,pooled,45min,Transformer,23.841400146484375,17.066495895385742,82.47240016355458,75.0
570,2018,pooled,15min,RF,11.072449379873252,7.245080344004796,98.32202524257679,
570,2018,pooled,15min,LSTM,11.372543334960938,7.5585455894470215,98.26366090318815,31.0
570,2018,pooled,15min,Autoencoder,11.636112213134766,7.786590099334717,98.28554753045889,40.0
570,2018,pooled,15min,TCN,16.106285095214844,7.900382995605469,97.7237907638433,17.0
570,2018,pooled,15min,Transformer,11.149100303649902,7.266098976135254,98.35120741227111,87.0
570,2018,pooled,30min,RF,18.923835959732973,13.159274316342936,93.08382578244692,
570,2018,pooled,30min,LSTM,18.889629364013672,13.230231285095215,93.57262712482672,31.0
570,2018,pooled,30min,Autoencoder,19.323331832885742,13.645391464233398,93.47048953089663,40.0
570,2018,pooled,30min,TCN,23.144975662231445,14.295701026916504,91.15050704019843,17.0
570,2018,pooled,30min,Transformer,18.412639617919922,12.563885688781738,93.689355803604,87.0
570,2018,pooled,45min,RF,25.2007036515278,18.26657746598163,86.78777267089808,
570,2018,pooled,45min,LSTM,24.947715759277344,18.172502517700195,87.81644415262275,31.0
570,2018,pooled,45min,Autoencoder,25.637340545654297,18.897315979003906,87.27657401327788,40.0
570,2018,pooled,45min,TCN,39.116058349609375,22.58258628845215,83.66528051360619,17.0
570,2018,pooled,45min,Transformer,24.375694274902344,17.388813018798828,87.99883271321222,87.0
575,2018,pooled,15min,RF,15.014997640275807,8.695717240073296,95.01246882793018,
575,2018,pooled,15min,LSTM,14.667972564697266,8.752906799316406,94.97090606816293,30.0
575,2018,pooled,15min,Autoencoder,14.663796424865723,8.6521577835083,95.34497090606817,43.0
575,2018,pooled,15min,TCN,15.598350524902344,9.789191246032715,93.58548074258798,23.0
575,2018,pooled,15min,Transformer,15.399374961853027,9.171142578125,95.05403158769742,44.0
575,2018,pooled,30min,RF,24.290921677179888,16.15031244584963,80.83264062067055,
575,2018,pooled,30min,LSTM,23.404220581054688,15.659651756286621,82.50900526461623,30.0
575,2018,pooled,30min,Autoencoder,23.21845245361328,15.45824909210205,83.22942643391521,43.0
575,2018,pooled,30min,TCN,25.557809829711914,18.111000061035156,75.98365198115822,23.0
575,2018,pooled,30min,Transformer,24.10808563232422,15.77420425415039,82.67525630368523,44.0
575,2018,pooled,45min,RF,32.236534048124994,22.941421437611044,67.23469105015239,
575,2018,pooled,45min,LSTM,31.08473014831543,21.98619842529297,69.66611249653644,30.0
575,2018,pooled,45min,Autoencoder,30.91275405883789,21.988548278808594,69.66611249653644,43.0
575,2018,pooled,45min,TCN,34.776092529296875,25.791385650634766,61.75533388750346,23.0
575,2018,pooled,45min,Transformer,31.733177185058594,21.961761474609375,70.38653366583542,44.0
588,2018,pooled,15min,RF,13.33347438104104,8.829706442009833,96.14561027837259,
588,2018,pooled,15min,LSTM,13.10162353515625,8.684952735900879,96.50898708714554,35.0
588,2018,pooled,15min,Autoencoder,13.273514747619629,8.80396556854248,96.3337875543443,51.0
588,2018,pooled,15min,TCN,14.190942764282227,9.683598518371582,95.8990331581338,20.0
588,2018,pooled,15min,Transformer,13.803848266601562,9.194361686706543,95.7757445980144,31.0
588,2018,pooled,30min,RF,22.203072234680434,15.506519859375745,87.17150087599767,
588,2018,pooled,30min,LSTM,21.520729064941406,15.032095909118652,88.08643176951529,35.0
588,2018,pooled,30min,Autoencoder,21.56524085998535,15.072654724121094,88.02154305366297,51.0
588,2018,pooled,30min,TCN,23.241172790527344,16.71903419494629,86.60696904808253,20.0
588,2018,pooled,30min,Transformer,22.174087524414062,15.309579849243164,87.02225682953734,31.0
588,2018,pooled,45min,RF,28.537073365174585,20.504335817110853,78.94361170592434,
588,2018,pooled,45min,LSTM,27.842134475708008,20.0156307220459,80.05320874699889,35.0
588,2018,pooled,45min,Autoencoder,27.79119300842285,20.041030883789062,79.94289793004997,51.0
588,2018,pooled,45min,TCN,30.41895294189453,22.516754150390625,77.68477061838946,20.0
588,2018,pooled,45min,Transformer,28.472253799438477,20.264097213745117,79.40432158847577,31.0
591,2018,pooled,15min,RF,15.912929986405285,9.73728184951621,93.86177964230515,
591,2018,pooled,15min,LSTM,15.548896789550781,9.539466857910156,94.01633914771473,30.0
591,2018,pooled,15min,Autoencoder,15.575769424438477,9.605263710021973,93.9942592183705,36.0
591,2018,pooled,15min,TCN,17.48543357849121,11.16714859008789,92.75778317509383,16.0
591,2018,pooled,15min,Transformer,16.281051635742188,10.063899993896484,93.22146169132259,57.0
591,2018,pooled,30min,RF,25.595191627348477,17.390828779482046,81.33509972768087,
591,2018,pooled,30min,LSTM,24.7373046875,16.91299057006836,81.59269890336351,30.0
591,2018,pooled,30min,Autoencoder,24.684494018554688,16.915000915527344,81.74725840877309,36.0
591,2018,pooled,30min,TCN,27.663494110107422,19.840566635131836,77.97159049091043,16.0
591,2018,pooled,30min,Transformer,25.75705337524414,17.348609924316406,81.36453963347317,57.0
591,2018,pooled,45min,RF,32.852503000942015,23.58657580269171,69.9418561860602,
591,2018,pooled,45min,LSTM,32.06281661987305,22.996795654296875,71.3476116876426,30.0
591,2018,pooled,45min,Autoencoder,31.964488983154297,23.064638137817383,70.90601310075807,36.0
591,2018,pooled,45min,TCN,35.78350830078125,27.131202697753906,64.17163465076912,16.0
591,2018,pooled,45min,Transformer,33.06248474121094,23.421239852905273,70.92073305365423,57.0
540,2020,pooled,15min,RF,12.390410141954746,8.519369474554667,95.25705033058966,
540,2020,pooled,15min,LSTM,11.984232902526855,8.350358963012695,96.01268384833355,35.0
540,2020,pooled,15min,Autoencoder,11.961753845214844,8.334739685058594,95.79678855754959,56.0
540,2020,pooled,15min,TCN,15.91192626953125,10.238985061645508,91.76224531102416,20.0
540,2020,pooled,15min,Transformer,12.538972854614258,8.611212730407715,94.9534475779247,82.0
540,2020,pooled,30min,RF,23.329028804793438,16.89705063251412,78.13385508028607,
540,2020,pooled,30min,LSTM,22.312583923339844,16.133455276489258,79.9419781406018,35.0
540,2020,pooled,30min,Autoencoder,22.22087860107422,16.09589958190918,80.19160707057077,56.0
540,2020,pooled,30min,TCN,26.540903091430664,19.531152725219727,70.13223586560518,20.0
540,2020,pooled,30min,Transformer,22.9727840423584,16.301578521728516,79.84752395088383,82.0
540,2020,pooled,45min,RF,32.3511012510773,24.15573860481358,64.12764809067602,
540,2020,pooled,45min,LSTM,31.26978302001953,23.038249969482422,67.1164485224666,35.0
540,2020,pooled,45min,Autoencoder,31.128602981567383,23.143566131591797,66.14491971393873,56.0
540,2020,pooled,45min,TCN,35.66371154785156,27.29478645324707,57.772230468222915,20.0
540,2020,pooled,45min,Transformer,31.838165283203125,23.150680541992188,66.69140466873566,82.0
544,2020,pooled,15min,RF,11.545216397981772,7.855353665348636,97.83016742998724,
544,2020,pooled,15min,LSTM,11.437500953674316,7.810367107391357,97.99534499587057,30.0
544,2020,pooled,15min,Autoencoder,11.643540382385254,7.906398296356201,97.84518357234026,48.0
544,2020,pooled,15min,TCN,68.62657928466797,10.246044158935547,97.00427960057061,14.0
544,2020,pooled,15min,Transformer,11.74090576171875,8.00110149383545,97.9127562129289,69.0
544,2020,pooled,30min,RF,19.803619745486053,14.19625076594778,90.05931376229447,
544,2020,pooled,30min,LSTM,19.474897384643555,13.757818222045898,90.95277423229972,30.0
544,2020,pooled,30min,Autoencoder,19.6776065826416,13.918689727783203,90.70500788347474,48.0
544,2020,pooled,30min,TCN,61.05058670043945,16.552419662475586,86.17013289285983,14.0
544,2020,pooled,30min,Transformer,19.94451904296875,14.043289184570312,90.3821608228846,69.0
544,2020,pooled,45min,RF,27.61359954963754,20.087993738432758,79.60807868458593,
544,2020,pooled,45min,LSTM,26.925975799560547,19.205371856689453,81.89804039342293,30.0
544,2020,pooled,45min,Autoencoder,27.09161949157715,19.478490829467773,81.11720099106539,48.0
544,2020,pooled,45min,TCN,75.63155364990234,23.08067512512207,75.24588933103085,14.0
544,2020,pooled,45min,Transformer,27.563968658447266,19.61501121520996,81.18477363165402,69.0
552,2020,pooled,15min,RF,11.995092854920571,7.70918892416972,97.11134453781513,
552,2020,pooled,15min,LSTM,11.90053939819336,7.674877643585205,97.03256302521008,37.0
552,2020,pooled,15min,Autoencoder,11.962742805480957,7.672336578369141,97.12009803921569,50.0
552,2020,pooled,15min,TCN,12.843024253845215,8.747344970703125,95.32563025210084,19.0
552,2020,pooled,15min,Transformer,12.475700378417969,8.047185897827148,96.875,33.0
552,2020,pooled,30min,RF,20.938976769885453,14.732081886744497,84.65511204481793,
552,2020,pooled,30min,LSTM,20.61224365234375,14.334091186523438,85.79306722689076,37.0
552,2020,pooled,30min,Autoencoder,20.375408172607422,14.209753036499023,86.07317927170868,50.0
552,2020,pooled,30min,TCN,22.284679412841797,16.519702911376953,79.79691876750701,19.0
552,2020,pooled,30min,Transformer,21.1086483001709,14.466153144836426,85.33788515406162,33.0
552,2020,pooled,45min,RF,28.342359589211192,20.800640370077858,73.01295518207283,
552,2020,pooled,45min,LSTM,27.74921417236328,20.030498504638672,74.2296918767507,37.0
552,2020,pooled,45min,Autoencoder,27.542133331298828,20.081626892089844,74.32598039215686,50.0
552,2020,pooled,45min,TCN,29.972436904907227,23.010944366455078,66.4828431372549,19.0
552,2020,pooled,45min,Transformer,28.314210891723633,20.108867645263672,74.66736694677871,33.0
567,2020,pooled,15min,RF,15.301453021949703,8.993697406424793,96.60542829061768,
567,2020,pooled,15min,LSTM,15.178526878356934,8.920125007629395,96.81711650412036,31.0
567,2020,pooled,15min,Autoencoder,15.142354011535645,8.810041427612305,96.9229606108717,66.0
567,2020,pooled,15min,TCN,16.69687843322754,10.614609718322754,92.31118167384895,14.0
567,2020,pooled,15min,Transformer,15.8735933303833,9.576146125793457,96.27277538368489,49.0
567,2020,pooled,30min,RF,25.910293031347155,17.492059527673316,81.98382097225372,
567,2020,pooled,30min,LSTM,25.33104705810547,16.765077590942383,84.84161185453996,31.0
567,2020,pooled,30min,Autoencoder,25.240575790405273,16.703187942504883,84.04778105390488,66.0
567,2020,pooled,30min,TCN,27.46916389465332,19.598600387573242,77.14523323504952,14.0
567,2020,pooled,30min,Transformer,26.28434944152832,17.492774963378906,83.36735465336055,49.0
567,2020,pooled,45min,RF,34.54582298871874,24.829884604082583,67.73266802751947,
567,2020,pooled,45min,LSTM,33.81617736816406,23.828258514404297,69.92515309594012,31.0
567,2020,pooled,45min,Autoencoder,33.69003677368164,23.835514068603516,69.85711045588569,66.0
567,2020,pooled,45min,TCN,35.470645904541016,26.35616111755371,64.96560066530581,14.0
567,2020,pooled,45min,Transformer,34.76220703125,24.46485137939453,68.82135026839042,49.0
584,2020,pooled,15min,RF,18.325039874987546,10.73311044710031,95.42412977357215,
584,2020,pooled,15min,LSTM,18.195905685424805,10.857654571533203,95.51199729638391,32.0
584,2020,pooled,15min,Autoencoder,18.42292022705078,10.970884323120117,95.32274417032781,45.0
584,2020,pooled,15min,TCN,20.568283081054688,13.405043601989746,95.37681649205813,17.0
584,2020,pooled,15min,Transformer,18.970272064208984,11.396350860595703,95.00506928016222,45.0
584,2020,pooled,30min,RF,28.75428494219297,18.981203839902598,87.20513687056437,
584,2020,pooled,30min,LSTM,28.552490234375,19.048826217651367,87.77289624873268,32.0
584,2020,pooled,30min,Autoencoder,28.898826599121094,19.27237892150879,87.41466711726935,45.0
584,2020,pooled,30min,TCN,33.22434616088867,23.433956146240234,84.76512335248395,17.0
584,2020,pooled,30min,Transformer,29.13553237915039,19.363842010498047,86.77255829672187,45.0
584,2020,pooled,45min,RF,36.70370226744732,25.67895967514366,77.70192632646165,
584,2020,pooled,45min,LSTM,36.715171813964844,25.80246353149414,78.20209530246704,32.0
584,2020,pooled,45min,Autoencoder,36.85548782348633,25.909252166748047,78.37783034809057,45.0
584,2020,pooled,45min,TCN,42.482398986816406,31.081226348876953,70.68604258195336,17.0
584,2020,pooled,45min,Transformer,37.08175277709961,26.01674461364746,77.48563703954038,45.0
596,2020,pooled,15min,RF,12.060900527586744,7.3499764329946675,96.79411764705883,
596,2020,pooled,15min,LSTM,12.874913215637207,8.900371551513672,93.94852941176471,22.0
596,2020,pooled,15min,Autoencoder,12.416605949401855,7.894250869750977,96.06617647058823,79.0
596,2020,pooled,15min,TCN,15.988476753234863,11.798677444458008,84.26470588235294,15.0
596,2020,pooled,15min,Transformer,12.592705726623535,7.907927513122559,95.55147058823529,17.0
596,2020,pooled,30min,RF,19.3975006025579,13.009381433478453,88.38970588235294,
596,2020,pooled,30min,LSTM,20.5166072845459,15.005386352539062,81.78676470588235,22.0
596,2020,pooled,30min,Autoencoder,20.259737014770508,14.463156700134277,84.22058823529412,79.0
596,2020,pooled,30min,TCN,27.250518798828125,21.479084014892578,67.09558823529412,15.0
596,2020,pooled,30min,Transformer,19.91124725341797,13.860085487365723,85.7279411764706,17.0
596,2020,pooled,45min,RF,25.060239105312263,17.670636991767722,79.46323529411765,
596,2020,pooled,45min,LSTM,26.86756706237793,20.4140625,70.76470588235294,22.0
596,2020,pooled,45min,Autoencoder,26.44157600402832,19.830968856811523,72.375,79.0
596,2020,pooled,45min,TCN,37.20651626586914,30.320526123046875,53.6985294117647,15.0
596,2020,pooled,45min,Transformer,26.988449096679688,20.329862594604492,71.2720588235294,17.0
559,2018,per_patient_scaled,15min,RF,15.865190463691407,9.380733016496892,95.88412340105343,
559,2018,per_patient_scaled,15min,LSTM,15.750263214111328,9.359317779541016,95.77878103837472,34.0
559,2018,per_patient_scaled,15min,Autoencoder,15.850045204162598,9.588484764099121,95.60571858540256,39.0
559,2018,per_patient_scaled,15min,TCN,19.346866607666016,11.02082347869873,93.53649360421369,16.0
559,2018,per_patient_scaled,15min,Transformer,16.357141494750977,9.678840637207031,95.60571858540256,36.0
559,2018,per_patient_scaled,30min,RF,26.700278925782385,17.77088738721831,82.44544770504139,
559,2018,per_patient_scaled,30min,LSTM,25.984251022338867,16.90732765197754,84.49209932279909,34.0
559,2018,per_patient_scaled,30min,Autoencoder,25.797168731689453,17.071264266967773,84.30398796087283,39.0
559,2018,per_patient_scaled,30min,TCN,30.33339500427246,20.259132385253906,76.75696012039127,16.0
559,2018,per_patient_scaled,30min,Transformer,26.7163143157959,17.379650115966797,83.83747178329571,36.0
559,2018,per_patient_scaled,45min,RF,35.902595724165415,25.647198391402483,68.86380737396539,
559,2018,per_patient_scaled,45min,LSTM,34.393951416015625,23.69066047668457,74.18359668924003,34.0
559,2018,per_patient_scaled,45min,Autoencoder,34.14878463745117,23.8944034576416,73.16779533483822,39.0
559,2018,per_patient_scaled,45min,TCN,38.36859130859375,28.06658172607422,64.73288186606472,16.0
559,2018,per_patient_scaled,45min,Transformer,35.19791793823242,24.167404174804688,72.96463506395786,36.0
563,2018,per_patient_scaled,15min,RF,10.506385006355972,6.9295589364951695,97.96238244514106,
563,2018,per_patient_scaled,15min,LSTM,10.242789268493652,6.7514801025390625,98.01008586615784,33.0
563,2018,per_patient_scaled,15min,Autoencoder,10.378896713256836,6.892398834228516,98.12593703148426,52.0
563,2018,per_patient_scaled,15min,TCN,11.185699462890625,7.601261615753174,97.01512879923675,30.0
563,2018,per_patient_scaled,15min,Transformer,10.962586402893066,7.0048322677612305,97.94875289627913,57.0
563,2018,per_patient_scaled,30min,RF,17.64243561324627,12.626245512521422,90.11857707509881,
563,2018,per_patient_scaled,30min,LSTM,17.14192771911621,12.088897705078125,91.14760801417474,33.0
563,2018,per_patient_scaled,30min,Autoencoder,17.280792236328125,12.183579444885254,91.14079323974376,52.0
563,2018,per_patient_scaled,30min,TCN,19.077571868896484,13.968070983886719,86.53400572441052,30.0
563,2018,per_patient_scaled,30min,Transformer,17.82413101196289,12.370431900024414,90.60242605969742,57.0
563,2018,per_patient_scaled,45min,RF,23.96099745419963,17.681282298274677,80.06678478942347,
563,2018,per_patient_scaled,45min,LSTM,23.227216720581055,16.764068603515625,82.46558538912362,33.0
563,2018,per_patient_scaled,45min,Autoencoder,23.43646240234375,17.005760192871094,81.96810685566308,52.0
563,2018,per_patient_scaled,45min,TCN,25.579792022705078,19.281143188476562,75.88932806324111,30.0
563,2018,per_patient_scaled,45min,Transformer,23.942384719848633,17.137022018432617,81.52514651765027,57.0
570,2018,per_patient_scaled,15min,RF,11.266707852758554,7.504290494339821,96.73159699423653,
570,2018,per_patient_scaled,15min,LSTM,11.48323917388916,7.727058410644531,95.99474720945503,38.0
570,2018,per_patient_scaled,15min,Autoencoder,11.364057540893555,7.688198566436768,96.54920843364704,40.0
570,2018,per_patient_scaled,15min,TCN,13.612821578979492,8.330816268920898,94.98066681257751,13.0
570,2018,per_patient_scaled,15min,Transformer,11.286182403564453,7.597721099853516,96.72430145181295,63.0
570,2018,per_patient_scaled,30min,RF,19.590901240249895,13.762629772681846,89.57466987670533,
570,2018,per_patient_scaled,30min,LSTM,19.233448028564453,13.389638900756836,90.12913110089735,38.0
570,2018,per_patient_scaled,30min,Autoencoder,19.590349197387695,13.739886283874512,89.85919603122493,40.0
570,2018,per_patient_scaled,30min,TCN,21.569961547851562,14.9276762008667,87.39330269205516,13.0
570,2018,per_patient_scaled,30min,Transformer,18.59790802001953,12.941405296325684,91.07025607353907,63.0
570,2018,per_patient_scaled,45min,RF,26.053699290138407,19.00262840717755,83.06704603487269,
570,2018,per_patient_scaled,45min,LSTM,25.158498764038086,18.192188262939453,84.21244619537462,38.0
570,2018,per_patient_scaled,45min,Autoencoder,26.23039436340332,19.10847282409668,83.12541037426132,40.0
570,2018,per_patient_scaled,45min,TCN,29.83207130432129,22.641748428344727,79.16393083825783,13.0
570,2018,per_patient_scaled,45min,Transformer,24.48024559020996,17.640592575073242,84.84715838622601,63.0
575,2018,per_patient_scaled,15min,RF,14.885108766509596,8.491459690445065,95.64283735106677,
575,2018,per_patient_scaled,15min,LSTM,14.529352188110352,8.337566375732422,95.6082017179274,34.0
575,2018,per_patient_scaled,15min,Autoencoder,14.605205535888672,8.547941207885742,95.38653366583542,58.0
575,2018,per_patient_scaled,15min,TCN,18.778270721435547,9.57077693939209,94.66611249653644,16.0
575,2018,per_patient_scaled,15min,Transformer,15.353250503540039,8.83051872253418,95.23413688002216,39.0
575,2018,per_patient_scaled,30min,RF,23.94804231895981,15.578616461804158,83.89443059019119,
575,2018,per_patient_scaled,30min,LSTM,23.10901641845703,14.943357467651367,84.91964533111666,34.0
575,2018,per_patient_scaled,30min,Autoencoder,23.046630859375,15.056534767150879,85.24522028262676,58.0
575,2018,per_patient_scaled,30min,TCN,25.938671112060547,17.378252029418945,78.85148240509837,16.0
575,2018,per_patient_scaled,30min,Transformer,24.303173065185547,15.802623748779297,83.33333333333333,39.0
575,2018,per_patient_scaled,45min,RF,31.77636201048395,22.094290504214353,70.10252147409254,
575,2018,per_patient_scaled,45min,LSTM,30.675546646118164,21.139127731323242,73.17816569686894,34.0
575,2018,per_patient_scaled,45min,Autoencoder,30.50524139404297,21.17570686340332,73.19894707675256,58.0
575,2018,per_patient_scaled,45min,TCN,34.022865295410156,24.50741195678711,64.71321695760598,16.0
575,2018,per_patient_scaled,45min,Transformer,32.11391830444336,22.118322372436523,71.82737600443336,39.0
588,2018,per_patient_scaled,15min,RF,14.259157109292296,9.053484013544585,95.87307767179287,
588,2018,per_patient_scaled,15min,LSTM,13.08108901977539,8.744267463684082,96.17156576471352,35.0
588,2018,per_patient_scaled,15min,Autoencoder,13.232242584228516,8.99259090423584,95.88605541496334,48.0
588,2018,per_patient_scaled,15min,TCN,13.488545417785645,9.113578796386719,95.72383362533256,18.0
588,2018,per_patient_scaled,15min,Transformer,13.586465835571289,9.121024131774902,95.62001167996885,62.0
588,2018,per_patient_scaled,30min,RF,22.423796124746016,15.6641579625125,86.30199208357666,
588,2018,per_patient_scaled,30min,LSTM,21.376588821411133,15.068205833435059,87.30127830770229,35.0
588,2018,per_patient_scaled,30min,Autoencoder,21.403047561645508,15.159964561462402,87.30127830770229,48.0
588,2018,per_patient_scaled,30min,TCN,22.422138214111328,16.235214233398438,85.08208422555317,18.0
588,2018,per_patient_scaled,30min,Transformer,21.9263973236084,15.388744354248047,86.87950165466225,62.0
588,2018,per_patient_scaled,45min,RF,28.496070607507068,20.680319564868896,78.11952501459996,
588,2018,per_patient_scaled,45min,LSTM,27.487401962280273,19.966169357299805,79.54058789176563,35.0
588,2018,per_patient_scaled,45min,Autoencoder,27.497758865356445,20.057029724121094,79.12530011031082,48.0
588,2018,per_patient_scaled,45min,TCN,29.198461532592773,21.89202117919922,75.99766400622931,18.0
588,2018,per_patient_scaled,45min,Transformer,28.066314697265625,20.274263381958008,79.0993446239699,62.0
591,2018,per_patient_scaled,15min,RF,15.840313046011794,9.658359626707453,93.86177964230515,
591,2018,per_patient_scaled,15min,LSTM,15.557563781738281,9.510615348815918,94.17089865312431,33.0
591,2018,per_patient_scaled,15min,Autoencoder,15.705839157104492,9.637289047241211,94.06049900640318,53.0
591,2018,per_patient_scaled,15min,TCN,19.343738555908203,10.749957084655762,92.37506439979391,15.0
591,2018,per_patient_scaled,15min,Transformer,16.226720809936523,9.900961875915527,93.73666004268786,50.0
591,2018,per_patient_scaled,30min,RF,25.410998727091282,17.3386613677426,81.05542062265401,
591,2018,per_patient_scaled,30min,LSTM,24.94121551513672,16.83407211303711,82.07845734893648,33.0
591,2018,per_patient_scaled,30min,Autoencoder,24.99713706970215,16.976831436157227,81.85765805549423,53.0
591,2018,per_patient_scaled,30min,TCN,27.63425064086914,19.160484313964844,77.831750938397,15.0
591,2018,per_patient_scaled,30min,Transformer,25.55548667907715,17.114377975463867,81.75461838522116,50.0
591,2018,per_patient_scaled,45min,RF,32.82650062522111,23.57107380403539,70.47177449032164,
591,2018,per_patient_scaled,45min,LSTM,32.32544708251953,23.01361083984375,71.39913152277913,33.0
591,2018,per_patient_scaled,45min,Autoencoder,32.338951110839844,23.240108489990234,70.56009420769854,53.0
591,2018,per_patient_scaled,45min,TCN,35.766807556152344,25.982074737548828,66.16618826819754,15.0
591,2018,per_patient_scaled,45min,Transformer,32.85750198364258,23.11640739440918,71.17097225288879,50.0
540,2020,per_patient_scaled,15min,RF,12.20284066320304,8.281776201616687,95.6955876399946,
540,2020,per_patient_scaled,15min,LSTM,11.85253620147705,8.14007568359375,96.08015112670356,32.0
540,2020,per_patient_scaled,15min,Autoencoder,12.054712295532227,8.35224723815918,95.89798947510458,55.0
540,2020,per_patient_scaled,15min,TCN,15.540542602539062,9.00495433807373,95.32451760895965,18.0
540,2020,per_patient_scaled,15min,Transformer,12.63513469696045,8.497264862060547,95.18283632438268,70.0
540,2020,per_patient_scaled,30min,RF,23.004296278548047,16.384809448916066,80.46822291188774,
540,2020,per_patient_scaled,30min,LSTM,22.309646606445312,15.834757804870605,81.4127648090676,32.0
540,2020,per_patient_scaled,30min,Autoencoder,22.21985626220703,15.85828685760498,81.47348535960059,55.0
540,2020,per_patient_scaled,30min,TCN,24.662214279174805,17.350576400756836,78.72082040210498,18.0
540,2020,per_patient_scaled,30min,Transformer,23.19650650024414,16.2281494140625,80.47496963972473,70.0
540,2020,per_patient_scaled,45min,RF,32.04504338439524,23.507101153885543,66.07070570773175,
540,2020,per_patient_scaled,45min,LSTM,31.3150577545166,22.741697311401367,68.95830522196735,32.0
540,2020,per_patient_scaled,45min,Autoencoder,31.203895568847656,22.77764320373535,68.48603427337741,55.0
540,2020,per_patient_scaled,45min,TCN,33.829368591308594,24.747440338134766,63.5609229523681,18.0
540,2020,per_patient_scaled,45min,Transformer,32.18269729614258,23.11406135559082,68.73566320334638,70.0
544,2020,per_patient_scaled,15min,RF,11.445074977002792,7.8568003520213745,97.85269164351678,
544,2020,per_patient_scaled,15min,LSTM,11.29365062713623,7.795462608337402,97.66498986410392,37.0
544,2020,per_patient_scaled,15min,Autoencoder,11.353894233703613,7.911771774291992,97.80013514528117,44.0
544,2020,per_patient_scaled,15min,TCN,12.81041431427002,8.77553653717041,96.69644868233351,27.0
544,2020,per_patient_scaled,15min,Transformer,11.869648933410645,8.11776065826416,97.83016742998724,59.0
544,2020,per_patient_scaled,30min,RF,19.807083958357566,14.397320814303455,89.18086943464225,
544,2020,per_patient_scaled,30min,LSTM,19.20503044128418,13.77355670928955,90.53232224641489,37.0
544,2020,per_patient_scaled,30min,Autoencoder,19.224088668823242,13.942612648010254,90.53983031759141,44.0
544,2020,per_patient_scaled,30min,TCN,21.508140563964844,15.717384338378906,85.26165628050154,27.0
544,2020,per_patient_scaled,30min,Transformer,19.737537384033203,14.035233497619629,90.53983031759141,59.0
544,2020,per_patient_scaled,45min,RF,28.011835376158615,20.779272230601833,77.03281027104137,
544,2020,per_patient_scaled,45min,LSTM,26.639698028564453,19.376461029052734,80.74179743223966,37.0
544,2020,per_patient_scaled,45min,Autoencoder,26.688589096069336,19.792844772338867,79.44290111870261,44.0
544,2020,per_patient_scaled,45min,TCN,29.57000732421875,22.060789108276367,73.21120204219535,27.0
544,2020,per_patient_scaled,45min,Transformer,27.136106491088867,19.591402053833008,81.10969291988889,59.0
552,2020,per_patient_scaled,15min,RF,12.012336930494282,7.690408116083181,97.19012605042016,
552,2020,per_patient_scaled,15min,LSTM,11.850401878356934,7.568598747253418,97.25140056022408,35.0
552,2020,per_patient_scaled,15min,Autoencoder,11.974863052368164,7.667488098144531,97.25140056022408,42.0
552,2020,per_patient_scaled,15min,TCN,13.591833114624023,9.322858810424805,96.32352941176471,36.0
552,2020,per_patient_scaled,15min,Transformer,12.407832145690918,7.97617769241333,96.98879551820728,59.0
552,2020,per_patient_scaled,30min,RF,20.918115616335236,14.630235627836013,85.46918767507003,
552,2020,per_patient_scaled,30min,LSTM,20.576461791992188,14.163529396057129,86.38830532212886,35.0
552,2020,per_patient_scaled,30min,Autoencoder,20.49065399169922,14.217549324035645,86.19572829131653,42.0
552,2020,per_patient_scaled,30min,TCN,23.487957000732422,17.428022384643555,78.27380952380952,36.0
552,2020,per_patient_scaled,30min,Transformer,21.135345458984375,14.515534400939941,85.50420168067227,59.0
552,2020,per_patient_scaled,45min,RF,28.329285749667395,20.606378305024368,73.57317927170868,
552,2020,per_patient_scaled,45min,LSTM,27.85297203063965,19.914880752563477,75.44642857142857,35.0
552,2020,per_patient_scaled,45min,Autoencoder,27.671554565429688,20.064489364624023,74.63235294117646,42.0
552,2020,per_patient_scaled,45min,TCN,31.73984718322754,24.34003448486328,64.6796218487395,36.0
552,2020,per_patient_scaled,45min,Transformer,28.437360763549805,20.245349884033203,74.90371148459384,59.0
567,2020,per_patient_scaled,15min,RF,15.32620193314536,8.855350725355972,96.70371210402963,
567,2020,per_patient_scaled,15min,LSTM,15.12938117980957,8.669734954833984,96.9607620775686,32.0
567,2020,per_patient_scaled,15min,Autoencoder,15.1231107711792,8.776067733764648,96.86247826415665,42.0
567,2020,per_patient_scaled,15min,TCN,16.31717300415039,10.204670906066895,94.89680199591744,17.0
567,2020,per_patient_scaled,15min,Transformer,15.977029800415039,9.368619918823242,96.00816511680654,37.0
567,2020,per_patient_scaled,30min,RF,25.964381981319075,17.014269225628194,85.01549860134573,
567,2020,per_patient_scaled,30min,LSTM,25.47401237487793,16.630741119384766,85.66568382853255,32.0
567,2020,per_patient_scaled,30min,Autoencoder,25.188331604003906,16.517019271850586,86.15710289559235,42.0
567,2020,per_patient_scaled,30min,TCN,26.930377960205078,18.79411506652832,78.77825659635594,17.0
567,2020,per_patient_scaled,30min,Transformer,26.46188735961914,17.269298553466797,85.18182505481212,37.0
567,2020,per_patient_scaled,45min,RF,34.61628255728904,24.008012813507577,72.25372344446964,
567,2020,per_patient_scaled,45min,LSTM,33.93640899658203,23.548784255981445,71.1196794435624,32.0
567,2020,per_patient_scaled,45min,Autoencoder,33.51578140258789,23.48021125793457,70.64338096318137,42.0
567,2020,per_patient_scaled,45min,TCN,35.48347473144531,26.0822696685791,65.88039615937099,17.0
567,2020,per_patient_scaled,45min,Transformer,34.95233917236328,24.199892044067383,70.64338096318137,37.0
584,2020,per_patient_scaled,15min,RF,18.109376058189373,10.636989730685869,94.97127407908077,
584,2020,per_patient_scaled,15min,LSTM,17.84651756286621,10.660440444946289,94.7685028725921,36.0
584,2020,per_patient_scaled,15min,Autoencoder,18.09441375732422,10.88589096069336,94.83609327475499,58.0
584,2020,per_patient_scaled,15min,TCN,18.920557022094727,11.967216491699219,94.14667117269347,23.0
584,2020,per_patient_scaled,15min,Transformer,18.29038429260254,10.909029006958008,94.78877999324096,58.0
584,2020,per_patient_scaled,30min,RF,28.269520408581606,18.7654657940279,86.57654613044947,
584,2020,per_patient_scaled,30min,LSTM,28.081024169921875,18.70964813232422,86.9415343021291,36.0
584,2020,per_patient_scaled,30min,Autoencoder,28.31244468688965,18.948047637939453,86.52923284893545,58.0
584,2020,per_patient_scaled,30min,TCN,30.233383178710938,21.40406036376953,82.91990537343698,23.0
584,2020,per_patient_scaled,30min,Transformer,28.357826232910156,18.812393188476562,86.82663061845219,58.0
584,2020,per_patient_scaled,45min,RF,35.98944820517195,25.419068814711146,76.74890165596486,
584,2020,per_patient_scaled,45min,LSTM,36.03131866455078,25.246692657470703,77.10713078742819,36.0
584,2020,per_patient_scaled,45min,Autoencoder,35.933441162109375,25.355247497558594,77.05981750591415,58.0
584,2020,per_patient_scaled,45min,TCN,39.421260833740234,29.26532554626465,70.61845217979047,23.0
584,2020,per_patient_scaled,45min,Transformer,36.115325927734375,25.257410049438477,77.31666103413315,58.0
596,2020,per_patient_scaled,15min,RF,12.00430629910893,7.305056327412366,97.03676470588235,
596,2020,per_patient_scaled,15min,LSTM,11.92718505859375,7.4225664138793945,96.50735294117646,44.0
596,2020,per_patient_scaled,15min,Autoencoder,12.208351135253906,7.9344096183776855,96.80882352941177,43.0
596,2020,per_patient_scaled,15min,TCN,13.427555084228516,9.075726509094238,94.67647058823529,17.0
596,2020,per_patient_scaled,15min,Transformer,12.076377868652344,7.6100568771362305,96.16176470588235,57.0
596,2020,per_patient_scaled,30min,RF,19.26270843837355,12.938139870967081,88.6470588235294,
596,2020,per_patient_scaled,30min,LSTM,19.03619384765625,12.827994346618652,88.24264705882354,44.0
596,2020,per_patient_scaled,30min,Autoencoder,19.092241287231445,13.2495698928833,88.22058823529412,43.0
596,2020,per_patient_scaled,30min,TCN,22.047998428344727,15.872631072998047,82.88970588235294,17.0
596,2020,per_patient_scaled,30min,Transformer,19.056222915649414,13.01684284210205,87.88970588235294,57.0
596,2020,per_patient_scaled,45min,RF,24.951847563114764,17.52545886662643,79.95588235294117,
596,2020,per_patient_scaled,45min,LSTM,24.62523651123047,17.285579681396484,80.07352941176471,44.0
596,2020,per_patient_scaled,45min,Autoencoder,24.741849899291992,17.862104415893555,79.13235294117646,43.0
596,2020,per_patient_scaled,45min,TCN,29.036956787109375,21.612258911132812,71.50735294117646,17.0
596,2020,per_patient_scaled,45min,Transformer,24.627838134765625,17.52138328552246,79.61029411764706,57.0
